1,369 Solar,369 Solar,Michael Womack
2,777HomeService,Adrian Bobbitt,
3,A Power Solar,American Power Solar LLC,
4,ADVO,Advosy,Brandon
5,AEP Solar,AEP Solar,
6,Affordable Energy,Affordable Energy Partners,
7,Alliance,Alliance Energy,
8,Alpha Electric,Alpha Electric Group,
9,Alpha PWR,Alpha PWR LLC,
10,Aptive,Aptive Solar LLC,
11,Authentic Energy,Joseph McConell,
12,Avid Mortgage,"Avid Mortgage Solutions, Inc.",
13,Avvio,Avvio,Direct Relationship with Avvio
14,AZ Energy G,AZ Energy Group,AZ Solar brokers - Justin Pitts
15,AZ Solar Direct,AZ Solar Direct LLC,
16,AZ Solar Pros,AZ Solar Pros LLC,
17,BOLT,BOLT,
18,Bravo Roofing,Bravo Roofing LLC,
19,CAPITAL,Capital Energy LLC,
20,Citi Solar,Citi Solar,
21,Citi Solar,Nuera Solar Power DBA Real Solar,
22,Clean Earth,Clean Earth Consultants,
23,Clean Skies,Clean Skies Technologies,
24,Clear Vision,Clear Vision Holdings LLC,
25,COYOTE,COYOTE,
26,Crest Energy,Crest Clean Energy LLC,
27,D Lake,D Lake Consulting LLC,
28,Sunvision,Sunvision LLC,
29,Decisive Solar,Timothy Lee- Decisive Solar Inc.,
30,E&J Solar,E&J Roofing and Solar,
31,Elate Solar,Shaun Schulze,
32,UNTD,Elevate LLC,Code changed from Elevate to UNTD on 5-2-24
33,ELITE SOLAR,Elite Solar Energy,
34,EMPYR,Empyreal Power,Dustin Hesketh Company
35,Energy Bros USA,Energy Bros USA Inc,Matthew Sessna
36,Erik Lively,Erik Lively LLC,
37,Ethical Entrepreneur,Ethical Entrepreneur LLC,
38,Evolution Power,Evolution Power LLC,
39,ExoSolar,ExoSolar Solutions LLC,
40,EZ,EZ Energy,Joe and Nick
41,Fox 4 Home,Fox 4 Home Solutions,
42,Freedom Energy,Freedom Energy LLC,
43,Genesis,Genesis Solar Solutions,
44,GJP,Green Jacket Power,(A Moses Referred Company)
45,Grand Energy,Grand Energy Services,
46,Grid Acquisitions,Grid Acquisitions LLC,
47,Halo Solar,Halo Solar Solutions LLC,
48,Harness Power,Harness Power Inc,
49,Hasnani,Hasnani Capital LLC.,
50,HELIOS,HELIOS,Paul Cruz Company
51,HOMENERDS,HOMENERDS LLC,
52,Honest Alarm,Honest Alarm Company LLC,
53,HOUSE,Our World Energy LLC,Internal Sales Team
54,I Am Solar,I Am Solar,
55,Iliakos Solar,Iliakos Solar,
56,Impact Your Energy,Impact Your Energy LLC,
57,Integrated Energy,Integrated Energy Solutions,
58,Intuition Solar,Zuri Vankevich - Intuition Solar LLC,
59,iPower Solar,iPower Solar,
60,JORDAN,4waysafety,Jordan O'Ferrell
61,Juggernaut,Juggernaut,
62,Klever Solar,Klever Solar LLC,
63,KODESSA,Kodessa,Andrew Weiss
64,Liberty Solar,Liberty Solar,
65,Light Energy,Schaper Cluff Solar LLC dba Light Energy,Light Energy
66,National Clean Energy,National Clean Energy Corp,Former LLP Enterprises
67,Lucid Pro,Lucid Pro LLC,
68,LUMIO,LUMIO,
69,M&M Energy,M&M Energy Innovations,
70,Marla Burns,Marla Burns,"George Burns Wife, paid 5c by OWE for Widow"
71,MARS,Mark Anthony Ramirez Solar,
72,Minski Inc,Minski Inc,
73,Mr John Solar,"Mr. John Air Conditioning, Heating & Solar Energy LLC",
74,MVMT,MVMT,
75,My A Solar,My American Solar,My American Solar
76,Net Metering Systems,Net Metering Systems,
77,New Age,New Age Energy LLC,
78,New Grid,New Grid,
79,Off Grid,Off Grid Solutions LLC,
80,Omni,Omni,
81,Onyx Solar,Masters Holding Inc. DBA Onyx Solar.,
82,OWE-AZ,Our World Energy - Direct Team,Jacob Heneise Team
83,OWE-AZ-22,OWE In House Team,Jacob Heneise Team in 2022
84,OWE-AZ-MAR-23,House starting 3-1-23,
85,OWE-CHI,Shaun Shulze LLC,Shaun Schulze
86,OWE-ES,Energy Sage Deals,
87,OWE-IL,Our World Energy Illinois LLC,Brian Moak
88,AAC,Formerly OWE-NM,Previously owned by Justin and Byron
89,Peak Power,Peak Power,
90,PHX Solar Power,Phoenix Solar Power,
91,Power Team,Power Team LLC,
92,PowerConnect,Power Connections LLC,
93,Private. Grid,Eli Hardin dba Private Grid LLC,
94,Pure Clean,Pure Clean Energy LLC,
95,QUINN,Quinn Zerba Group,
96,QUINTERO,"Quintero Solar USA, LLC",QUINTERO
97,Reidhead Industries,Panel Pros Power Co,
98,ROMAN,Roman Family Enterprises LLC,
99,S&J Garcia,S&J Garcia Associates LLC,
100,SE of AZ,Solar Experts of AZ,Randy Jordan Company
101,SEC,Smith Energy Consulting,Adrian Smith
102,Seienergyaz,Eduardo Villavicencio,
103,SET,Smart Energy Today,Smart Energy Today
104,SET- M,Smart Energy Today - Moose!!,Moose
105,SKY Power,SKY Power LLC,
106,Skytech Solutions,Skytech Solutions,
107,Smart Enterprise,Smart Homes Enterprise LLC,
108,Smart Home,"Smart Home Energy, LLC",
109,Solar Connection,Solar Connection LLC,
110,Solar ECO System,"Solar ECO Systems, LLC",
111,Solar Experts,Solar Experts LLC,
112,Solar Movement,Solar Movement LLC,
113,SolarEx,SolarEx Technologies,
114,SOLEIL,Soleil Energy,Joshua Del Principe
115,Solis Energy,Solis Energy LLC,
116,Solito,Go Solito LLC,
117,Spartan,Spartan Solar USA,
118,SS of AZ,Solar Solutions of AZ LLC,
119,SSS,Sun Solar Solutions Inc,Sun Solar Solutions
120,SSS-OWE,OWE Dealer to SSS,OWE via SSS
121,Stellar Power,Stellar Power LLC,
122,STIA,STIA,
123,Sun Source,Sun Source Energy,
124,Suncovia,Suncovia LLC,
125,SunLF,SunLight Forever,Moses
126,Sunstreet Builders,Sunstreet Builders LLC,
127,SunTech Smart Home,"SunTech Smart Home Solutions, LLC",
128,Suntown,Suntown Solar LLC,
129,Surge,Surge Power,
130,Swift Solar,Swift Solar,
131,Switch Solar,Switch Solar,
132,Tapales,Tapales Enterprises LLC,
133,TGTR LLC,TGTR LLC,
134,Torres Family,Torres Family Enterprises LLC,
135,Solterian,DBA True Energy Plus LLC,
136,Tycho Energy,Tycho Energy,
137,United Energy,Dynamis Energy LLC dba United Energy Services,
138,Uprisun,Uprisun Energy LLC,
139,Valley Voltage,Valley Voltage LLC,
140,Vantage Solar,Vantage Solar LLC,
141,WHITE RHINO,White Rhino Home Services,
142,WhyGen,WhyGen LLC,
143,Zealous Energy,Zealous Energy,
144,Solfiniity Power,Solfinity Power,
145,Glass Slappers,Glass Slappers LLC,
146,CA Clean Energy,CA Clean Energy Association LLC,
147,Irradiance Energy,Irradiance Energy LLC,
148,United Wholesale,United Wholesale Solar,
149,Offset Energy,Offset Energy,
150,Imagine Alpha,Imagine Solar AZ,
151,EZ Alpha,Ez Breezy Enterprises LLC,
152,Ernesto Juarez,Ernesto Juarez,
153,OWE-DD,Dealer Direct,Scott Clyman
154,AZ Clean Energy,AZ Clean Energy ACT LLC,
155,South Desert,South Desert Energy LLC,
156,Custom Construction,Solar X LLC aka Custom Contsruction Solutions LLC,
157,Luxor Energy,Luxor Energy,
158,Ash Salieta,Ash Salieta,
159,Global Solar,"Global Solar Network, LLC",
160,Aerodish Communications,Aerodish Communications LLC,
161,Solar Sesame,Solar Sesame,
162,Connor Gerkin,Connor Gerkin Marketing LLC,
163,Genesis Power,Genesis Power Solutions,
164,OWE-DS,OWE-DS AKA IQ POOLS,
165,Kingdom Power,Kingdom Power LLC,
166,SunPad Solar,SunPad Solar LLC,
167,Good Energy,Good Energy Network LLC,
168,Recom Solutions,Recom Solutions LLC,
169,House of Power,House of Power LLC dba Prolific Energy,
170,Edge Solutions,Edge Solutions Inc.,
171,Leverage Our Sun,Leverage Our Sun LLC,
172,JM Solar,JM Solar LLC,
173,ECO Solar,ECO Solar LLC,
174,Lit Solar,Lit Solar and Air,
175,Brite Marketing,Brite Marketing LLC,
176,Photon Solar,Photon Solar LLC,
177,RADIX,RADIX LLC,
178,Zona Power,Zona Power LLC,
179,Infinity Solar,Infinity Solar LLC,
180,Coreplace,Coreplace LLC,
181,Limitless Solar,Limitless Solar Energy Professionals,
182,Maximum Solar,Maximum Solar Properties,
183,Ohana Energy,Ohana Energy LLC,
184,Valley Energy,Valley Energy Consoltants LLC,
185,Light City,Light City Solar,
186,Swift Energy,Swift Energy,
187,S & L,S & L Industries,
188,OS Recruiting Partners,Solar Recruiting Partners,
189,Zen Energy,Zen Energy Company LLC,
190,Atlas Energy,Atlas Energy DFW LLC,
191,ElitNrg,ElitNrgy TX LLC,
192,SimpleFlow,SimpleFlow LLC,
193,Atlas Home,Atlas Home Power LLC,
194,Solar Professionals,Solar Professionals,
195,Kumquat Solar,Kumquat Solar LLC,
196,LJDirectmerch,LJDirectmerch LLC,
197,America Energy,America Energy LLC,
198,Clear PWR,Clear PWR LLC,
199,Premier Solar,Premier Solar Pros LLC,
200,Sommer Consulting,Sommer Consulting LLC,
201,World Energy Direct,World Energy Direct LLC,
202,Vossun,Vossun LLC,
203,CMS Financial,CMS Financial LLC,
204,Good 3nergy,Good 3nergy LLC,
205,Spartan Solar,Spartan Solar LLC,
206,Certified Solar,Certified Solar Solutions,
207,Solar Rey,Solar Rey LLC,
208,Revolve Solutions,Revolve Solutions LLC,
209,Ovvn Solar,Ovvn Solar LLC,
210,A Happy Day,A Happy Day LLC,
211,Skytech,Skytech LLC,
212,ZGC Energy,ZGC Energy Solutions,
213,Shop Solar,Shop Solar LLC,
214,Systematic Solar,Systematic Solar,
215,Jacksun Consulting,Jacksun Consulting LLC,
216,Goat Solar,Goat Solar Group LLC,
217,NAZ R & C,NAZ Roofing & Construction LLC,
218,Pueblo Home Solutions,Pueblo Home Solutions LLC,
219,TEST,TEST Dealer,
220,Soar Energy,Soar Energy INC,
221,OWE-JG,Jeruash Gallifant Team (Eagles),
222,ONE-League,One World Energy,
223,EG Solar,EG Solar LLC,
224,JMG Assets,JMG Assets LLC,
225,Lumen Solar,Lumen Solar LLC,
226,Reimagine Roofing,"Reimagine Roofing, LLC",
227,SolarSunQuest,VSQUARE LLC DBA SolarSunQuest,
228,By the Sun Solar Brokers,By the Sun Solar Brokers LLC,
229,Extensive Solar,Extensive Solar Solutions LLC,
230,BidList,"BidList, Inc",
231,Dom Mercado,Dom Mercado LLC,
232,Happy Home Solar,Happy Home Solar LLC,
233,Higher Power Energy,Higher Power Energy LLC,
234,RISING SOLAR,RISING SOLAR L.L.C,"Former TN Holdings, LLC dba Fresh Home Solutions"
235,LGND Energy,LGND Energy,
236,Sunder Energy,Sunder Energy LLC,
237,Utah Clean Power,Utah Clean Power LLC,
238,Element Energy,Element Energy LLC,
239,Phoenix Valley Solar,Phoenix Valley Solar LLC,
240,Rivera Vega Enterprises,Rivera Vega Enterprises LLC,
241,Native Grid,Native Grid LLC,
242,Top Roofing and Solar,Top Roofing and Solar LLC,
243,Momentvs,Momentvs LLC,
244,New Era Roofs & Solar,New Era Roofs and Solar,
245,Solar Sandy,Solar Sandy LLC,
246,Flagstone R&E,Flagstone Roofing and Exteriors LLC,
247,Red Lion Solar,Red Lion Solar,
248,Powered by Solar,Powered by Solar LLC,
249,SOLR Standard,SOLR STANDARD INC,
250,Pivot Power,Pivot Power LLC,
251,P&S,Parker and Sons LLC,
252,Peak Solar Energy,Peak Solar Energy,
253,Sunforce Solar,Sunforce Solar LLC,
254,PACKMAN10,"PACKMAN10, INC",
255,ASAP Solar Pros,"ASAP Solar Pros Inc, DBA Systematic Solar",
256,Zach McCleskey,Zach McCleskey,
257,Highlight Energy,Highlight Energy LLC,
258,PWR Pros,PWR Pros LLC,
259,Sonoran Solar Solutions,Sonoran Solar Solutions LLC,
260,Electrum Capital,Electrum Capital LLC,
261,Omni 24,OMNI24 Solar+Battery,
262,Switch up Solar,Switch up Solar LLC,
263,9 Figures,9 Figures LLC,
264,Independent Energy,Independent Energy LLC,
265,Lessar Energy,Lessar Energy Denver LLC,
266,Ignite Solutions,Ignite Solutions LLC,
267,Green Light Solar,Green Light Solar,
268,Epic Energy,Epic Energy LLC,
269,Watson Investments,Watson Investments LLC DBA Alom Solar,
270,NuSun Power,NuSun Power Inc.,
271,Kids HVAC,Kids HVAC LLC DBA Kids Mechanical,
272,SKM Lion Mentality,SKM Lion Mentality LLC,
273,BrightPower Solar,BrightPower Solar LLC,
274,Sun Brothers Energy,Sun Brothers Energy LLC,
275,Crescent Moon Management,Crescent Moon Management LLC,
276,Green Horizon Solar,Green Horizon Solar LLC,
277,Adapt Solar,Adapt Solar LLC,
278,Power 22,Power 22 LLC,
279,Tucson's Solar Advisor,Tucson's Solar Advisor LLC,
280,Kris Haas,Kris Haas,
281,Altair Solar Solutions,Altair Solar Solutions LLC,
282,Solar Cross,Solar Cross LLC,
283,GLJ Electric,GLJ Electric,
284,Energy Smart AZ,Energy Smart AZ,
285,On Communications,On Communications LLC,
286,National Solar Solutions,National Solar Solutions LLC,
287,Endless Energy Solar,Endless Energy Solar LLC,
288,The Solar Experts,The Solar Experts LLC,
289,Unity Power,UNITY POWER LLC,
290,Fortius Energy,Fortius Energy LLC,
291,Gold Sun Power,Gold Sun Power LLC,
292,Brighthaus,Brighthaus LLC,
293,BPN Enterprises,BPN Enterprises,
294,Eleven Securities,Eleven Eleven Securities (UNTD Sub Dealer),
295,Solar AI,Solar AI LLC,
296,Smith Energy,Smith Energy DBA Stay Green Solar,
297,HelioBloom Energy,HelioBloom Energy,
298,The Solar Guy,The Solar Guy,
299,Next Level Energy,Next Level Energy LLC,
300,AGN Holdings,AGN Holdings LLC DBA E-Solar,
301,Onyx D2D,Onyx dealer to dealer team,
302,Edition Investments,Edition Investments LLC,
303,Organix Technology,Organix Technology LLC,
304,Lobo Solar,Lobo Solar LLC,
305,Better Go Solar,Better Go Solar,
306,Victory Solar,Victory Solar,
307,Total Solar Solutions,Total Solar Solutions LLC,
308,Solarisone Energy Solutions,Solarisone Energy Solutions LLC,
309,Myles Investment,Myles Investment & Marketing LLC,
310,Internal Ops Sales,Internal Ops Sales,
311,Gray Horse Group,Gray Horse Group LLC,
312,Greenest 360,"Greenest 360, Inc.",
313,Sonoran Solar Consulting,Sonoran Solar Consulting LLC,
314,Voltaic Power,Voltaic Power LLC,
315,Fournet Investments,"Fournet Investments, LLC",
316,Southwest Electric,Southwest Electric Inc,
317,Smart Human,Smart Human LLC,
318,Redzone Solar Group,Redzone Solar Group LLC,
319,My Sun Pulse,My Sun Pulse,
320,Solar Solana,Solar Solana LLC,
321,Zia Solar Power,Zia Solar Power LLC,
322,TRC Energy,TRC Energy LLC,
323,Helios Power,Helios Power LLC,
324,Chase G Investments,Chase G Investments Inc.,
325,2Sunssolar,2Sunssolar LLC,
326,Built Energy,Built Energy Inc.,
327,Elite Roofing & Construction,Elite Roofing & Construction LLC,
328,Murawski System,Murawski System LLC,
329,Vice Energy,Vice Energy LLC,
330,W11 Group,W11 Group LLC. DBA SoHome Solar,
331,FOR Energy,FOR Energy,
332,Critical Resources,Critical Resources LLC DBA Rooftek Front Range,
333,Powersol,Powersol LLC,
334,Elevate Roofing Pros,"Elevate Roofing Pros, LLC",
335,Grace Fusion Power,Grace Fusion Power LLC,
336,Rampant Success Institute,"Rampant Success Institute, LLC",
337,EDJ Enterprises,EDJ Enterprises Inc.,
338,US Solar Programs,US Solar Programs LLC,
339,Trusted Solar Partners,Shannon Lechuga DBA Trusted Solar Partners,
340,Truest Solar,Truest Solar,
341,Sun Sponge,Sun Sponge LLC,
342,Chivas And Associates,Chivas And Associates,
343,Resurge Energy,Resurge Energy & Remodeling LLC,
344,Apple Roofing,Apple Roofing LLC,
345,Right Choice Solar,Right Choice Solar LLC,
346,Instinctive Energy,Instinctive Energy LLC,
347,SFG Energy,SFG Energy Inc.,
348,Infinite Energy,Private Equity Cash Flowing LLC,
349,Jay Sheeley,Jay Sheeley,
350,Eric Castillo,Eric Castillo,
351,Angeles Holdings,Angeles Holdings LLC DBA GoSunvision Solar,
352,ISolar Energy,ISolar Energy LLC,
353,Venus Solar Energy,Venus Solar Energy LLC,(Sub-dealer of Chivas & Associates)
354,U.S. Home Loan Capital,U.S. Home Loan Capital DBA Nations 1st Solar,
355,American Power and Electric,American Power and Electric LLC,
356,AZ Pro Contractors,AZ Pro Contractors,
357,Aeterna Solar,Aeterna Solar LLC,
358,E&W Holdings,E&W Holdings LLC,
359,Trinus Solar,Trinus Solar LLC,
360,Red Rock Roofing,Red Rock Roofing,
361,Chaparral Business Solutions,Chaparral Business Solutions LLC,
362,Smile Solar,Smile Solar LLC,
363,Solar Electric USA,Solar Electric USA LLC,
364,Niagara Mohawk Solar,Niagara Mohawk Solar LLC,
365,US Direct Installs,US Direct Installs LLC,
366,Wright Sun Power,Wright Sun Power LLC,
367,JP Ventures,JP Ventures,
368,MT Consulting,MT Consulting LLC DBA AZ Solar Experts,
369,Senderz Solar,Senderz Solar LLC,
370,Smart Money Solar,Smart Money Solar LLC,
371,Peak to Peak Solar,"Peak to Peak Solar, LLC",
372,CD Oldroyd Investments,"CD Oldroyd Investments",
373,Sky Power Arizona,"",
374,Light Group USA,"",
375,Daniel Pessy Marketing,"",
376,Cristian Lopez,"",